Yield,Honey Bees,Fertilizer
76,5,0.15
42,24,0.26
81,1,0.244
34,35,0.34
61,24,0.25
72,15,0.65
15,25,0.549
95,27,0.216
103,10,0.596
45,29,0.546
19,10,0.5546
28,18,0.698
67,13,0.753
29,5,0.894
55,55,0.7956
56,42,0.9562
74,73,0.583
54,12,0.1563
99,86,0.413
43,53,0.4551
67,94,0.58953
51,16,0.9563
56,18,0.9563
55,8,0.2623
71,6,0.56621
65,58,0.26543
52,52,0.346
108,64,0.5491
112,73,0.523